1,0.205306749,2.016602363,0.247418014,0.88342115,0.183509437,2.125971093,0.323397696,0.852332419,0.221113103,1.931014139,0.195044284,0.904103269,0.193900235,2.069146218,0.27902625,0.868204066
1,0.207144377,2.004670686,0.227941811,0.889939658,0.189490338,2.092757423,0.282341112,0.865737823,0.20744746,2.004457929,0.227566056,0.890235362,0.178640527,2.154417168,0.332259335,0.848544157
1,0.23097488,1.940381272,0.250954293,0.884469968,0.211572867,2.028324953,0.311663938,0.85923519,0.250952656,1.837531727,0.185229067,0.908980141,0.217353874,1.999557539,0.287593551,0.867289705
1,0.206294461,2.012593843,0.269236628,0.877676166,0.190999064,2.083404929,0.31682752,0.856772681,0.224663907,1.912593219,0.201055287,0.90192041,0.18839771,2.099585336,0.331120237,0.852462458
1,0.228821799,1.956593062,0.253646662,0.882805738,0.213945483,2.022278663,0.29579771,0.863622659,0.244606922,1.87546748,0.200007093,0.902586456,0.207870598,2.055030079,0.324025558,0.854685998
1,0.212447442,2.004368521,0.271804122,0.877569302,0.193916692,2.092040484,0.33517434,0.851855347,0.229582642,1.910283341,0.205458689,0.900174566,0.196996083,2.076151705,0.321083402,0.856504929
1,0.226817913,1.91100815,0.225496109,0.892242149,0.206002298,2.006631546,0.286537756,0.86566194,0.246512568,1.812346529,0.170267245,0.915550814,0.215975574,1.957985001,0.252112746,0.879132037
1,0.220608628,1.955742557,0.232768466,0.889196423,0.192260785,2.096313816,0.333866784,0.850002395,0.224700519,1.933380577,0.218416638,0.894628862,0.206625012,2.018203029,0.270130364,0.871607363
1,0.212158521,2.019444061,0.275880909,0.874106248,0.194609472,2.102549817,0.336018791,0.849320816,0.231169725,1.917812943,0.206636712,0.899133376,0.19601253,2.096008051,0.330501941,0.851426438
1,0.235626002,1.902310166,0.21831471,0.895343374,0.211443967,2.016146073,0.292367457,0.864461463,0.247603941,1.841272525,0.183678825,0.909814458,0.223087827,1.956375054,0.248966343,0.880334216
1,0.218062824,1.969256571,0.252928861,0.883175471,0.198475978,2.06077927,0.315906862,0.856829889,0.235369153,1.877275298,0.19351532,0.905182476,0.203699188,2.034687584,0.294872424,0.86439187
1,0.214822704,2.000508988,0.26503774,0.879173763,0.194925789,2.095654671,0.334101885,0.8516098,0.228528524,1.923673154,0.211860105,0.89755309,0.19776058,2.081129452,0.320957213,0.85583176
1,0.196308258,2.112224998,0.317913876,0.86245978,0.177376829,2.209900143,0.401334892,0.83265118,0.206234912,2.049624866,0.262082758,0.87776488,0.178823213,2.201058313,0.391775972,0.835280253
1,0.171606611,2.251485121,0.356437698,0.848468131,0.151754826,2.371064137,0.476369116,0.811706285,0.174104789,2.233688818,0.337071656,0.853009577,0.151895482,2.369511597,0.475667207,0.81200501
1,0.179873748,2.199232533,0.339552115,0.853625499,0.160083346,2.311224929,0.445309258,0.819122834,0.184318916,2.168961389,0.309797022,0.861148764,0.160289001,2.309710455,0.444227855,0.819457564
1,0.199959751,2.109170449,0.30875945,0.867311087,0.181845284,2.202216271,0.384324938,0.839518384,0.211324532,2.038500823,0.247757747,0.884444835,0.183661373,2.192423182,0.375446638,0.842622774
1,0.19581621,2.121208555,0.321553755,0.863112653,0.176862381,2.219684835,0.406620035,0.83330311,0.204411632,2.066056929,0.269732817,0.87664317,0.178678036,2.21020745,0.397507868,0.836365567
1,0.180509203,2.211350871,0.365930366,0.848438425,0.161083752,2.321943393,0.480032618,0.814055405,0.18378955,2.187208401,0.337270563,0.854439182,0.161938929,2.316347552,0.472472056,0.815743052
1,0.176251204,2.198438665,0.351426351,0.85197457,0.15797145,2.301644529,0.45016184,0.820025369,0.18025445,2.170357482,0.320765592,0.859010566,0.156897445,2.309216211,0.460470183,0.817878516
1,0.17683657,2.1939579,0.348405607,0.852997002,0.157589349,2.302333312,0.452356116,0.819527718,0.182702694,2.152936623,0.305684117,0.863165339,0.159593927,2.289483703,0.435791681,0.823366097
1,0.193549305,2.133734887,0.321587363,0.861592499,0.172786692,2.245996755,0.42369077,0.827939278,0.200228771,2.091407282,0.281402341,0.872252636,0.176720943,2.221191122,0.394549978,0.835086424
1,0.185530463,2.180172842,0.359498526,0.850806137,0.166293214,2.285803875,0.465841098,0.817915778,0.189258491,2.15358452,0.328755489,0.857379163,0.166174483,2.286542312,0.467132919,0.817770937
1,0.202453786,2.1004936,0.308070325,0.866530419,0.18476882,2.189730748,0.379787058,0.839674023,0.212289369,2.040881176,0.255921264,0.881304787,0.184077495,2.195519225,0.388030092,0.838337286
1,0.18637216,2.148345002,0.314948015,0.859571867,0.165746647,2.259350849,0.411456265,0.825401185,0.191916916,2.113223554,0.284464277,0.868345277,0.166303373,2.255872849,0.407397226,0.826506293
1,0.18982853,2.131226476,0.309403251,0.861899765,0.169025136,2.2423992,0.404747558,0.828140656,0.199132428,2.075613091,0.264612733,0.876093009,0.172565108,2.220875279,0.381831078,0.834473735
1,0.189778192,2.117312051,0.306865357,0.862509436,0.168923933,2.226523747,0.39960619,0.829041667,0.193742696,2.091832455,0.284056286,0.868841585,0.167962653,2.232797303,0.406695008,0.827369409
1,0.199409382,2.082111886,0.290574549,0.868748746,0.182788158,2.16421672,0.352530775,0.843920443,0.211971609,2.010538379,0.236999803,0.886670985,0.179463444,2.184218774,0.371868599,0.838278269
1,0.203404019,2.060055411,0.282745033,0.871696143,0.183880689,2.156884911,0.356966531,0.842806848,0.21819717,1.977248533,0.223424162,0.892228453,0.18710072,2.13951376,0.340191678,0.847933954
1,0.19548461,2.111744926,0.299644183,0.865102432,0.172469206,2.233798626,0.404594835,0.828225167,0.200057823,2.082683993,0.275358341,0.872270781,0.17597505,2.21254833,0.382185581,0.834573455
1,0.211991731,2.034993983,0.280205289,0.873644714,0.191016033,2.138009843,0.360921596,0.843292263,0.22446856,1.965765147,0.229034884,0.890758542,0.19603369,2.110931195,0.33452951,0.851126651
1,0.211346783,2.021286429,0.265299207,0.877774481,0.187812551,2.139564544,0.356934444,0.843675771,0.219419314,1.977466048,0.233966855,0.888756142,0.194533406,2.101800638,0.32112783,0.854319343
1,0.195314585,2.115688239,0.320156078,0.860542049,0.174380772,2.224991806,0.418285608,0.827120221,0.20156891,2.076298587,0.283679134,0.870296931,0.175850739,2.215868048,0.407042415,0.829808954
1,0.206340555,2.060465157,0.293882044,0.870146064,0.187704889,2.151671893,0.364940834,0.842769877,0.219806775,1.983248029,0.233437053,0.889037161,0.188763095,2.146531594,0.360074985,0.844463837
1,0.187260454,2.162941391,0.348928232,0.852535624,0.166851197,2.274102707,0.459363173,0.81807993,0.190846956,2.138130729,0.322202965,0.858736365,0.166785235,2.273532483,0.458515328,0.818159579
1,0.183702744,2.147622139,0.319139811,0.859537559,0.164159431,2.254261882,0.413136219,0.827208273,0.186659018,2.128521939,0.300962155,0.864512299,0.161438928,2.271076046,0.433145715,0.822230321
1,0.194748474,2.113013581,0.310820969,0.863204543,0.173206084,2.226741537,0.410752814,0.828848072,0.199775247,2.080982142,0.281623144,0.871112802,0.174799178,2.216391631,0.398701576,0.831866541
1,0.20591285,2.058687556,0.292747993,0.869814636,0.185966517,2.158042666,0.372805609,0.840329066,0.216856455,1.996874739,0.244252664,0.885430714,0.187924268,2.147999846,0.363309629,0.843447503
1,0.188746731,2.151366499,0.342101725,0.852226615,0.1682876,2.260597482,0.446914238,0.817941831,0.193284576,2.121471253,0.31231497,0.859790719,0.167578409,2.264967369,0.45202753,0.8166847
1,0.207139053,2.045939303,0.292888901,0.868735521,0.189326953,2.131027526,0.358462292,0.842881173,0.224039493,1.952951186,0.224466806,0.89198853,0.189823951,2.129667871,0.35744167,0.843558262
1,0.195507941,2.108792087,0.309181251,0.861389948,0.173906117,2.222269041,0.40858754,0.82687677,0.198872803,2.087556349,0.290431181,0.866778275,0.17325471,2.225456887,0.411837919,0.825849153
1,0.192616327,2.131503415,0.314990257,0.859339487,0.172213359,2.241331192,0.411563326,0.825952939,0.194455977,2.120177518,0.304392609,0.862334379,0.168592777,2.262987211,0.437392342,0.819398562
1,0.191465167,2.123349727,0.310602669,0.860317116,0.167808769,2.252674944,0.428439069,0.821236943,0.191525406,2.122668328,0.309538906,0.860596597,0.168972584,2.244953117,0.420074473,0.823478185
1,0.185758246,2.166680904,0.344407136,0.851024744,0.163987466,2.28728694,0.464367861,0.81346487,0.188669547,2.147647324,0.325036698,0.855955793,0.165098894,2.279549262,0.454651589,0.81571383
1,0.191229046,2.13196638,0.322703839,0.857467726,0.168046342,2.258178737,0.44219957,0.818920957,0.193969441,2.114130313,0.305638168,0.862097672,0.170976624,2.239304207,0.419495977,0.824544384
1,0.211371861,2.019277177,0.273553299,0.874334201,0.186203205,2.145883974,0.377207735,0.837287817,0.215607232,1.99643664,0.256212377,0.880197325,0.192647853,2.109236373,0.340465654,0.847748281
1,0.210933444,2.032928264,0.289485823,0.871118389,0.191563439,2.125891172,0.361978624,0.843231701,0.224005531,1.959749214,0.232923903,0.889171564,0.193081931,2.11823417,0.354457554,0.845638436
1,0.207664357,2.050512525,0.294786078,0.868020836,0.184928216,2.163987916,0.390723571,0.833942101,0.214119024,2.012171758,0.262880236,0.87747332,0.188347244,2.143753678,0.368975808,0.839686757
1,0.185012876,2.151731399,0.339783365,0.853699195,0.16375701,2.267855313,0.452592451,0.817633615,0.18725681,2.13669787,0.323836779,0.857521971,0.163659559,2.268259672,0.453527609,0.817540651
1,0.213420712,2.002804975,0.251234876,0.882367338,0.191713585,2.112960462,0.331863181,0.851712603,0.212529907,2.011140196,0.258546529,0.880940226,0.186257419,2.14514935,0.363130681,0.842835066
1,0.201377333,2.09774518,0.308402092,0.865404222,0.181079076,2.202610244,0.399932308,0.834096537,0.207891926,2.058587366,0.275765098,0.875349492,0.181271924,2.203902807,0.402054696,0.834173169
1.5,0.112859525,2.683188823,0.603109545,0.7980179,0.097503692,2.824334498,0.849326522,0.752734525,0.117077222,2.637330125,0.530643102,0.808951276,0.10190211,2.783345599,0.774301246,0.765429199
1.5,0.100448725,2.790507686,0.68659427,0.778363801,0.086561412,2.940333853,1.005932134,0.730447165,0.100170729,2.795496876,0.702866112,0.776954718,0.086993909,2.93664661,1.000780584,0.731333984
1.5,0.098031821,2.815223086,0.707465066,0.77441777,0.084019126,2.971382505,1.05536658,0.724477867,0.097213118,2.827104695,0.740976403,0.771284362,0.084767628,2.963525196,1.039864727,0.726613572
1.5,0.098409254,2.79026278,0.655786497,0.780617884,0.084327493,2.948517112,0.988826226,0.730773426,0.096645331,2.816541154,0.721257463,0.774007435,0.084200056,2.950468017,0.996131016,0.729897069
1.5,0.098030264,2.81031628,0.706059989,0.774705935,0.084332605,2.962629377,1.043288809,0.725999895,0.097302681,2.820436663,0.734385639,0.771933438,0.08454052,2.960281548,1.038984179,0.726262229
1.5,0.095833984,2.840926909,0.734129759,0.770095998,0.082064551,2.999572412,1.104936472,0.719312125,0.094663915,2.858033795,0.779170264,0.765584659,0.082627722,2.992239474,1.086230829,0.721111046
1.5,0.094273542,2.839243051,0.711098161,0.772202115,0.080610782,2.998664051,1.071943356,0.721480331,0.093036445,2.857638981,0.759989762,0.767472566,0.081166669,2.991958957,1.055063294,0.72316914
1.5,0.095770389,2.840486041,0.72996263,0.770767919,0.081909224,3.0008577,1.105675405,0.719483833,0.094547433,2.857857677,0.7770674,0.766069172,0.082678241,2.991142924,1.07933762,0.722087545
1.5,0.093023507,2.851880829,0.724020424,0.770402362,0.079589234,3.011178033,1.090350341,0.719704813,0.091845945,2.870595641,0.774498877,0.765654941,0.079947715,3.006538956,1.080109874,0.720681821
1.5,0.098609413,2.804304156,0.681006956,0.778129677,0.084984077,2.955798669,1.004436065,0.730052236,0.097445379,2.821756969,0.725869949,0.77365936,0.08450705,2.962418185,1.026400108,0.727732576
1.5,0.118481868,2.584947877,0.457588091,0.818671661,0.099472259,2.753751724,0.686947671,0.7666202,0.121042359,2.55897105,0.43233335,0.824458667,0.107558786,2.676567411,0.573102354,0.789302844
1.5,0.101596615,2.743317135,0.582873916,0.791250621,0.086132619,2.902726551,0.853039081,0.740227324,0.102352133,2.728409976,0.559438373,0.793901327,0.088505639,2.875094271,0.798410508,0.748317429
1.5,0.095956311,2.798816647,0.624660216,0.781625157,0.081092502,2.964644944,0.936060257,0.728576463,0.094542449,2.813725327,0.653989244,0.777044317,0.081776259,2.95756557,0.92321486,0.730625967
1.5,0.097251326,2.788735306,0.625282125,0.781146875,0.082061791,2.959676855,0.957079886,0.726869518,0.095395669,2.811446499,0.673090492,0.774745227,0.082935916,2.947910591,0.930411356,0.729973378
1.5,0.110940841,2.645590724,0.508641975,0.807782727,0.096580136,2.772535707,0.680320725,0.76685598,0.11504141,2.596582661,0.444528976,0.819227315,0.096707319,2.775812264,0.690202677,0.766374246
1.5,0.098908225,2.762284143,0.587421837,0.788466524,0.083393298,2.930997788,0.885834428,0.734969925,0.098204856,2.767720207,0.599375524,0.786313375,0.08528647,2.906378144,0.832216604,0.74205028
1.5,0.103859727,2.722346606,0.563136555,0.795865211,0.089382859,2.865409318,0.788605071,0.749803921,0.106020642,2.692668372,0.518816611,0.802350193,0.090231604,2.857352221,0.774765894,0.752345768
1.5,0.096362877,2.799464175,0.633814334,0.779905128,0.081399865,2.968523071,0.964450393,0.726033649,0.094552019,2.821531783,0.680370183,0.773684823,0.08207339,2.960328443,0.946782341,0.728297894
1.5,0.112597263,2.621917042,0.480349897,0.814594586,0.098837747,2.73918224,0.624368552,0.776886115,0.11842514,2.556616467,0.400851754,0.83027826,0.098660621,2.746421581,0.638865209,0.775486471
1.5,0.120870709,2.601394796,0.529983288,0.802057176,0.106416359,2.731972947,0.74067996,0.761570269,0.119700948,2.620611927,0.570297775,0.797856278,0.102166985,2.775157849,0.840599094,0.747508985
1.5,0.099771266,2.825830035,0.787363871,0.760630059,0.086528874,2.966630638,1.125090978,0.712943463,0.101720869,2.797407221,0.723624611,0.767718031,0.087456982,2.954052864,1.086173751,0.71655011
1.5,0.115026923,2.652311364,0.584759376,0.794807167,0.097721072,2.811655538,0.873575858,0.743243572,0.118420269,2.6110356,0.519803745,0.804664927,0.10479564,2.735849446,0.709795039,0.766188604
1.5,0.114712352,2.672118351,0.609665643,0.788223951,0.099387647,2.817724557,0.889781779,0.741460596,0.114424866,2.674520391,0.620497299,0.787517957,0.098951708,2.818602384,0.890671892,0.740367621
1.5,0.104446684,2.777367676,0.750534034,0.767415138,0.090824233,2.913104699,1.054332383,0.721245483,0.107910109,2.73004613,0.651203619,0.779555772,0.09256073,2.891702135,0.991346002,0.727804373
1.5,0.106577729,2.756782565,0.713042513,0.773047326,0.091974979,2.901284531,1.026244608,0.724722958,0.109590238,2.716564508,0.633089813,0.782966781,0.095033822,2.866216758,0.932751875,0.735527898
1.5,0.106623527,2.745710633,0.709884252,0.775980871,0.09422563,2.860032519,0.928226028,0.736908054,0.112568235,2.669300727,0.559554325,0.795298301,0.094491405,2.857804047,0.923014932,0.737469947
1.5,0.1121419,2.696682832,0.654368779,0.781513359,0.0965785,2.845175811,0.957726876,0.732454356,0.114442766,2.668261011,0.605523758,0.788820397,0.099451226,2.810870024,0.867552707,0.742962684
1.5,0.125098003,2.562791773,0.534597501,0.810098153,0.110121204,2.678268877,0.69542272,0.772080862,0.138820371,2.427708659,0.358798786,0.843509234,0.116187761,2.620896309,0.592947095,0.789387274
1.5,0.114719495,2.657468658,0.606002023,0.795681845,0.100022268,2.784935036,0.820140067,0.7533135,0.123264277,2.561468852,0.457143077,0.81909704,0.105027115,2.73480403,0.71799457,0.76892558
1.5,0.142037084,2.395900245,0.408495517,0.832644961,0.131062558,2.462865245,0.470545894,0.810111683,0.163782331,2.232823133,0.264369418,0.874480983,0.128715251,2.482114814,0.492603731,0.805013192
1.5,0.149042988,2.35478772,0.381022989,0.840548198,0.13300944,2.457222291,0.481986547,0.807981086,0.173248171,2.183446375,0.242583695,0.883427872,0.141718887,2.393374997,0.4080183,0.827143681
1.5,0.140406833,2.443007829,0.445500796,0.826443367,0.124703037,2.54747206,0.562782904,0.792006668,0.159840288,2.288961201,0.293422806,0.86496707,0.131863694,2.497791185,0.499273563,0.808190827
1.5,0.154567896,2.282732067,0.333525734,0.853054562,0.135784888,2.400066335,0.438428082,0.817237694,0.177056083,2.131551165,0.22487788,0.890597539,0.15014567,2.301594327,0.342331652,0.845925601
1.5,0.135808849,2.457954974,0.461919254,0.822738778,0.125316269,2.522338966,0.523942501,0.800342405,0.159888365,2.266596899,0.273639105,0.871281156,0.123897303,2.538215459,0.548404723,0.796263396
1.5,0.139265475,2.437362438,0.442339451,0.827092311,0.126640766,2.51771057,0.524507422,0.800070252,0.164360443,2.244100058,0.26219285,0.875706881,0.129718674,2.497644217,0.4996691,0.807038391
1.5,0.108103941,2.691969414,0.600061358,0.78363791,0.094237641,2.825849211,0.832593938,0.739870143,0.108855507,2.683221646,0.589127646,0.78590163,0.092139458,2.849736551,0.891955691,0.731518664
1.5,0.104361856,2.739367425,0.650919451,0.775715692,0.091173918,2.868409409,0.888405729,0.732562628,0.106046695,2.716548543,0.611291138,0.781436236,0.089312748,2.89169331,0.950684338,0.724550881
1.5,0.113135067,2.638473235,0.552961853,0.794422562,0.101686248,2.735397273,0.691426622,0.762108166,0.118390321,2.58338845,0.475796862,0.809156626,0.097341138,2.782959699,0.784546957,0.746952071
1.5,0.140590807,2.389762817,0.379670021,0.83844033,0.120333365,2.534722299,0.536162196,0.793641155,0.154425868,2.281509559,0.286730276,0.865836209,0.135338962,2.414165782,0.393616979,0.828931094
1.5,0.126016004,2.559183422,0.512752371,0.806358324,0.108729622,2.704876095,0.740397345,0.760058192,0.126095379,2.55719959,0.512389907,0.806977575,0.108930345,2.700433392,0.730645284,0.760953043
1.5,0.156259216,2.267987136,0.331455581,0.854141,0.142212597,2.349939843,0.398721631,0.828566456,0.185203708,2.079982917,0.202417107,0.900498455,0.14817581,2.310529111,0.36035143,0.840324987
1.5,0.119602525,2.588383579,0.538922497,0.804706594,0.10634464,2.688546853,0.669269129,0.770326728,0.135193375,2.4340263,0.35000185,0.843510891,0.109320175,2.663568763,0.628268698,0.778635068
1.5,0.118062873,2.592790156,0.496125479,0.805243151,0.105082612,2.703591127,0.646807425,0.769575927,0.118849786,2.587389743,0.493207246,0.806779925,0.098917187,2.768208672,0.771674101,0.749365306
1.5,0.106217518,2.724234217,0.622527473,0.781317835,0.09012162,2.883841243,0.923692467,0.728420571,0.10731105,2.705431074,0.592825468,0.785203591,0.09291322,2.850905371,0.847680199,0.738377374
1.5,0.101327942,2.782705719,0.690768799,0.769563175,0.086895723,2.930739798,0.992888968,0.719433974,0.103069812,2.755109308,0.640585681,0.775842464,0.088411975,2.913993261,0.954782869,0.724577338
1.5,0.110125842,2.68171565,0.578512845,0.788971411,0.097634064,2.794758393,0.758725654,0.751242155,0.111972297,2.659085504,0.547152391,0.79433209,0.093218846,2.844941604,0.869857745,0.735273951
1.5,0.099864615,2.795693755,0.702304486,0.767886608,0.08591101,2.940517615,1.000001234,0.718647454,0.101983849,2.763249198,0.642088124,0.775356137,0.087067526,2.927085402,0.968555095,0.722685928
1.5,0.104828285,2.736328585,0.625448625,0.77948568,0.0897218,2.889696084,0.916505228,0.728945145,0.105032973,2.731926049,0.623695848,0.78012621,0.090188797,2.883785075,0.904825462,0.730417758
1.5,0.11235374,2.658678857,0.557280991,0.794915846,0.096162853,2.805189821,0.791635466,0.746683065,0.114575925,2.627277056,0.509499124,0.802148657,0.09814944,2.786412176,0.755632935,0.752805717
1.5,0.149772735,2.351895167,0.375675251,0.842120885,0.129724539,2.485740947,0.51578277,0.800688366,0.162542702,2.254175158,0.288631149,0.866482327,0.141929054,2.395359406,0.410159508,0.827498149
2,0.194117304,2.096199072,0.29108372,0.864538694,0.168981715,2.236517026,0.412515454,0.823393585,0.191957362,2.114127174,0.306598957,0.860652313,0.166902105,2.251184149,0.429501034,0.819312607
2,0.177050361,2.205252472,0.364823358,0.842733894,0.157160104,2.320383458,0.482893013,0.806746975,0.183170377,2.167492875,0.328628162,0.853115447,0.155667079,2.33286292,0.50155145,0.803256398
2,0.19739747,2.084741027,0.294189754,0.865865671,0.169478234,2.236898523,0.428177742,0.820603392,0.197514512,2.08101292,0.288484972,0.866222837,0.175175955,2.200176118,0.388482399,0.831322705
2,0.168764357,2.273167819,0.398946255,0.833490099,0.149204781,2.394559248,0.537416993,0.79520868,0.175063454,2.232912676,0.357224257,0.844741594,0.148977034,2.396294031,0.540953689,0.794702814
2,0.18968453,2.119741056,0.314337346,0.85808834,0.169872636,2.226575217,0.407214267,0.825803295,0.192839575,2.103037105,0.300187775,0.86270806,0.163671415,2.267814575,0.45585517,0.813671345
2,0.171278277,2.251909826,0.386428369,0.837322372,0.151001792,2.376788881,0.52600565,0.798257549,0.177714605,2.210252074,0.343905786,0.848817541,0.151871046,2.369572793,0.51522618,0.800276032
2,0.181940188,2.174818864,0.353539621,0.846970676,0.165055772,2.264382703,0.434965125,0.818249588,0.195949775,2.086515261,0.276604568,0.869872753,0.162189356,2.284386403,0.460543922,0.812451658
2,0.170937003,2.20401641,0.352494819,0.84581927,0.148640338,2.338882639,0.48964152,0.804169052,0.178291936,2.158676788,0.311293336,0.858141426,0.153501396,2.303949133,0.447685258,0.814610473
2,0.174091355,2.219603857,0.360380175,0.843991098,0.153808493,2.341401951,0.485822827,0.806541778,0.178949923,2.191710748,0.334618468,0.852050322,0.152434028,2.351906869,0.501392865,0.803498433
2,0.171238119,2.246097758,0.371562762,0.840727144,0.151335482,2.368189608,0.500994242,0.80305043,0.176084646,2.217591672,0.344559453,0.848885841,0.14977716,2.379098327,0.517590765,0.79975419
2,0.129184354,2.585066238,0.667116186,0.775549448,0.111486816,2.736516525,1.006761775,0.723428476,0.127801854,2.602236628,0.705894414,0.77094907,0.111836373,2.734430323,1.004312652,0.724403031
2,0.140529659,2.487536423,0.593262446,0.790001712,0.121944742,2.627311449,0.856353942,0.741876186,0.140719061,2.483648599,0.582229191,0.790661621,0.122539717,2.624889643,0.854054149,0.74312561
2,0.138975135,2.511049644,0.589282763,0.788599403,0.119260641,2.670685624,0.910014961,0.735002346,0.135570911,2.546533535,0.660365869,0.779010536,0.119250193,2.671522227,0.914811699,0.734933049
2,0.136705887,2.520333213,0.630993734,0.78289057,0.118652318,2.661879062,0.919995952,0.733688206,0.137343443,2.512494047,0.612066637,0.784706529,0.119865678,2.650439162,0.889189707,0.737582997
2,0.13676101,2.522019689,0.620867667,0.783570472,0.118874165,2.664831004,0.914603748,0.734762665,0.135098314,2.540524476,0.65969771,0.778668198,0.117836918,2.677207913,0.953442918,0.730980013
2,0.151756487,2.415946394,0.542944812,0.801403594,0.134923097,2.527901313,0.718635082,0.762845481,0.155303606,2.384367004,0.489452214,0.809692026,0.132138535,2.552931449,0.776823799,0.754958321
2,0.140433128,2.494079661,0.586218977,0.790135327,0.120837474,2.649757618,0.897097676,0.737795684,0.136948857,2.529036947,0.655490805,0.780558336,0.120461598,2.654794223,0.913708082,0.736398066
2,0.13469019,2.541406522,0.643375315,0.780344544,0.116711006,2.686540377,0.953248543,0.730078732,0.133504304,2.554251622,0.669865937,0.776686898,0.116738169,2.689173997,0.965083499,0.729744066
2,0.144339087,2.465238775,0.569607922,0.794622077,0.124963217,2.60707473,0.822874581,0.745801231,0.146149392,2.445649895,0.531442323,0.799334274,0.127485673,2.585423229,0.772151707,0.753090879
2,0.142468963,2.47959961,0.583212858,0.791776652,0.124433016,2.612820275,0.822420114,0.745837375,0.14470756,2.457607704,0.541709217,0.797464404,0.12519499,2.606793296,0.809118399,0.748028896
2,0.152655891,2.389670804,0.51155974,0.806372914,0.130240989,2.548274737,0.779852652,0.753121337,0.153214751,2.382245835,0.496616347,0.807923315,0.13644915,2.497348215,0.669839912,0.769971069
2,0.144118663,2.500593993,0.619923706,0.788516358,0.124265499,2.656481644,0.960134655,0.735900787,0.14250448,2.518853506,0.659361626,0.78362958,0.126572951,2.636778505,0.903603061,0.742761016
2,0.141183954,2.531786491,0.663607404,0.782540875,0.12388535,2.666187386,0.958609893,0.736337078,0.140979523,2.534091418,0.666234691,0.781683937,0.123256466,2.672632157,0.980683465,0.734227317
2,0.147376332,2.468916918,0.598732237,0.793266485,0.126772214,2.624819,0.924055917,0.740656436,0.146252624,2.478050019,0.61322813,0.790425694,0.130540535,2.591864628,0.832742341,0.751684322
2,0.134893833,2.58354064,0.710343785,0.773801057,0.11737845,2.729476459,1.070365218,0.723328743,0.133389882,2.601605559,0.755982289,0.768735405,0.117628493,2.729714669,1.077504326,0.723678188
2,0.140179627,2.548791032,0.667044333,0.780887503,0.12233479,2.690080831,0.983350411,0.732349364,0.139514212,2.555158566,0.679288921,0.778751208,0.122474075,2.688909406,0.98130639,0.732721846
2,0.136091153,2.565317584,0.68114515,0.778150529,0.11802596,2.715863659,1.043797577,0.726864118,0.133760086,2.592376472,0.749299466,0.770794159,0.118165659,2.716720017,1.051301062,0.72691406
2,0.149382939,2.460364176,0.599843341,0.793953751,0.129707674,2.604068902,0.886906575,0.744945125,0.150671617,2.446956153,0.570645712,0.797233496,0.133258817,2.57404175,0.808410011,0.755077957
2,0.144762032,2.49744804,0.635912752,0.787613447,0.127795826,2.622448553,0.885454626,0.744461015,0.145677832,2.487880017,0.611272678,0.789823386,0.126632814,2.635559896,0.928997356,0.740475346
2,0.177365496,2.272859972,0.404509486,0.834679267,0.148070614,2.473496581,0.714892904,0.773400412,0.164809761,2.369389416,0.5504662,0.808640747,0.150157106,2.454603556,0.670564036,0.779019152
2,0.169598421,2.29347271,0.442065303,0.826187276,0.152583766,2.3950523,0.568549973,0.793170865,0.167719937,2.304873891,0.454798288,0.822495377,0.143635387,2.465524718,0.707964831,0.771188149
2,0.217539469,2.000223757,0.264559691,0.874853571,0.17403555,2.236706486,0.496721082,0.804800139,0.196312389,2.120132783,0.369817836,0.84260754,0.187226008,2.155831032,0.395579547,0.82949143
2,0.142916891,2.483789455,0.588085311,0.790251922,0.124345618,2.626374032,0.861398431,0.741691899,0.141485295,2.498857952,0.614734648,0.786115961,0.123649254,2.633410014,0.881795752,0.73948411
2,0.211764182,2.014416775,0.266222184,0.874149173,0.175810783,2.208166593,0.440535351,0.817296169,0.193214624,2.121240659,0.358172692,0.845596955,0.176513606,2.204376362,0.438023906,0.818658059
2,0.238953768,1.899374458,0.240745424,0.885108534,0.199838712,2.085034155,0.39076152,0.830849128,0.221618073,1.982536429,0.300766209,0.862506258,0.205465837,2.052946206,0.357523431,0.840109762
2,0.203735487,2.003454757,0.268799958,0.872544886,0.194909843,2.038302434,0.290005649,0.861475342,0.20674463,1.990713405,0.260309444,0.876367142,0.169841296,2.183949284,0.426641565,0.819135449
2,0.14949243,2.446853925,0.532324715,0.79994793,0.127366631,2.616196566,0.842396907,0.743871089,0.145257125,2.48738493,0.603592087,0.789048046,0.129538838,2.59874951,0.802879277,0.750124055
2,0.228823075,1.93204323,0.240079933,0.88474227,0.199772217,2.07340893,0.345696804,0.844698979,0.208939331,2.038276161,0.322516989,0.856860281,0.184529579,2.158244603,0.437638858,0.818994614
2,0.207285237,2.060450814,0.282609969,0.868619397,0.169353505,2.278096393,0.505407476,0.804824863,0.18636164,2.188161872,0.407067932,0.834606931,0.171619337,2.260286746,0.479031125,0.809691019
2,0.150366615,2.424121997,0.522814181,0.802830179,0.129721952,2.575915306,0.784091873,0.752345663,0.147512631,2.449921845,0.565486057,0.79572137,0.129587126,2.577846486,0.790053317,0.751970308
2,0.202875436,2.086085529,0.290378448,0.865353658,0.16924445,2.284182658,0.493626204,0.80786931,0.181582667,2.224403461,0.434738718,0.828912333,0.163368821,2.321657037,0.548588916,0.795811734
2,0.176578027,2.228855667,0.374448303,0.837855856,0.150220986,2.39742359,0.581395679,0.7855843,0.165880042,2.306704074,0.466987025,0.816811953,0.146239222,2.42640657,0.632051601,0.776128802
2,0.16268476,2.333271567,0.485983372,0.813115854,0.146024832,2.43326637,0.618603334,0.778591098,0.171909356,2.261396122,0.390905083,0.83228114,0.143931756,2.44959654,0.648182241,0.773433805
2,0.199727103,2.087393318,0.336314884,0.850996481,0.184057769,2.162211512,0.400958792,0.827063698,0.211786497,2.019908308,0.278138836,0.869555439,0.175239902,2.214879237,0.463500579,0.810730796
2,0.236700738,1.89391166,0.234852531,0.887284092,0.195444868,2.092251825,0.394135003,0.829422113,0.219125308,1.979048029,0.294418544,0.86426383,0.205214764,2.037709984,0.33874374,0.845547669
2,0.187370622,2.167727046,0.326364904,0.85248355,0.155701306,2.36891032,0.557230881,0.792551965,0.168812183,2.299433905,0.478205745,0.817321732,0.150971173,2.401701268,0.612322251,0.781844026
2,0.149527636,2.425794168,0.499450461,0.804933411,0.127122722,2.59807379,0.79177122,0.748998576,0.143063902,2.486654443,0.600448625,0.788620242,0.126293413,2.606199887,0.813260434,0.746604617
2,0.166341656,2.295746031,0.426858933,0.823634667,0.148193547,2.409250121,0.567417354,0.78680977,0.163347229,2.319084575,0.455307347,0.817358757,0.139360665,2.478853829,0.694547417,0.764736234
2,0.145083996,2.452961709,0.552642535,0.795783108,0.125675953,2.596609924,0.803963456,0.746927036,0.14662345,2.439394112,0.528198653,0.799473981,0.127566195,2.58040949,0.766775239,0.752428645
2,0.135286192,2.519212013,0.611995794,0.783737717,0.11697917,2.666008997,0.904544699,0.733081679,0.134407314,2.529663158,0.630813631,0.781083053,0.117017848,2.667900513,0.912569601,0.733006195
2.5,0.086144455,2.918893603,0.743142485,0.753812352,0.076346997,3.039910013,0.998060572,0.713418751,0.088094355,2.907879986,0.739417064,0.758643439,0.072330837,3.102531427,1.176720317,0.693546424
2.5,0.088592133,2.903414989,0.702844526,0.759663293,0.076702525,3.058647369,1.043795109,0.71016952,0.087746292,2.939478298,0.806591248,0.752370313,0.073635286,3.105601435,1.180944421,0.695419696
2.5,0.069657302,3.136564608,0.99708578,0.714707222,0.059827034,3.292204787,1.4613785,0.660535866,0.070558023,3.134478725,1.010257027,0.716770781,0.05913222,3.309509302,1.537507393,0.655521535
2.5,0.080826095,2.999403444,0.832166823,0.739907079,0.069809817,3.151835,1.215578615,0.688833859,0.081996045,2.997940001,0.85135451,0.741969995,0.068759771,3.170304679,1.279282948,0.683160939
2.5,0.078956222,2.999474149,0.819160458,0.740940352,0.069146496,3.131849687,1.124982992,0.695915341,0.080125314,2.995126696,0.823958757,0.743546647,0.066174575,3.184917358,1.300622215,0.67926625
2.5,0.077878944,3.031602388,0.861253207,0.7336775,0.066347313,3.202129059,1.324574743,0.67684494,0.077919327,3.048598115,0.926554002,0.73079879,0.066149884,3.205186738,1.333190483,0.675853532
2.5,0.072730995,3.110659495,0.979837297,0.717629229,0.062693039,3.26424572,1.432349704,0.664467963,0.07390688,3.105428718,0.985787361,0.720597302,0.061874123,3.281284575,1.502996611,0.659094677
2.5,0.101428924,2.727453807,0.50941031,0.798159158,0.084452351,2.936100251,0.882071887,0.737342626,0.094796952,2.83696683,0.718432493,0.771982278,0.08193335,2.959981106,0.921692258,0.728450779
2.5,0.096291226,2.801872288,0.636210959,0.775190918,0.086730795,2.895125345,0.780598063,0.742706671,0.099647293,2.767331601,0.581937815,0.784717433,0.080983,2.978394798,0.97586081,0.717773107
2.5,0.094566372,2.81356996,0.592613608,0.781870078,0.07863765,3.019266037,1.01047927,0.719624057,0.089812727,2.897239744,0.767939468,0.761369396,0.077907254,3.019663224,0.992408893,0.717929826
2.5,0.083456188,2.957419296,0.791840184,0.747691288,0.072169147,3.106395314,1.145022108,0.698099178,0.084784279,2.952574149,0.800989751,0.750562475,0.071294113,3.122287566,1.19732929,0.693297612
2.5,0.074582395,3.08571666,0.954081759,0.723615177,0.064228485,3.238392135,1.390535367,0.670857892,0.076058212,3.073119317,0.937693788,0.728291511,0.064030523,3.244553471,1.416915112,0.669381641
2.5,0.072587685,3.09067673,0.934261669,0.724661321,0.062217694,3.250486003,1.391023772,0.670241523,0.073407352,3.091741749,0.959087209,0.725965636,0.061826366,3.258371513,1.421083063,0.667899549
2.5,0.083901389,2.962573334,0.771119307,0.749824683,0.071806978,3.127914618,1.171866501,0.696043568,0.083176822,2.992749086,0.866165624,0.7434973,0.070614963,3.149347248,1.244608336,0.689620876
2.5,0.077297964,3.04807777,0.895654882,0.731632034,0.067090749,3.193883655,1.285487515,0.682127779,0.078671597,3.041985696,0.90318817,0.734993623,0.065749064,3.219273012,1.379274587,0.674290729
2.5,0.080307208,2.983634129,0.79215936,0.746522987,0.068053893,3.158204841,1.229675416,0.689389231,0.080100845,3.002750161,0.85653914,0.742950669,0.068478399,3.150417619,1.200088795,0.691813844
2.5,0.076519398,3.056662163,0.905650503,0.73009952,0.065893121,3.212239799,1.336192185,0.677552816,0.077145062,3.06157249,0.939446048,0.730317421,0.064912433,3.230335402,1.402337002,0.671822071
2.5,0.109175801,2.664768956,0.473979252,0.80900774,0.092074995,2.851133979,0.766532425,0.754422427,0.102423628,2.765758566,0.65295322,0.784847534,0.088114415,2.900107099,0.872439845,0.739737254
2.5,0.085196498,2.940109859,0.743298219,0.75399421,0.072959474,3.108394468,1.14461608,0.700170071,0.084546786,2.971102712,0.841040133,0.747783869,0.071849228,3.123840305,1.189389851,0.695030162
2.5,0.070911896,3.117807596,0.974115557,0.719726293,0.060817782,3.276351301,1.443683297,0.665281611,0.072046815,3.112893591,0.981701323,0.722722496,0.060594775,3.281976511,1.466077742,0.663670669
2.5,0.084136019,2.964781834,0.858221801,0.739368311,0.073026984,3.102867897,1.19331468,0.690881034,0.087083678,2.925207469,0.76811676,0.750332948,0.073181174,3.10297518,1.195579917,0.69137274
2.5,0.103876303,2.700173955,0.628503849,0.779004171,0.092232234,2.801414151,0.781330209,0.74235309,0.110251178,2.6206078,0.496172346,0.799125787,0.091206253,2.816975465,0.814232616,0.737854714
2.5,0.074839606,3.065683002,0.97222116,0.716998446,0.063187087,3.24343898,1.544142361,0.65499276,0.072753498,3.113430594,1.134511168,0.704576977,0.062934803,3.250355251,1.57439109,0.653212995
2.5,0.088011447,2.887592638,0.727397678,0.752825817,0.073100862,3.092710801,1.25696286,0.686771092,0.082924982,2.981191038,0.979442471,0.728917472,0.073006263,3.092694639,1.249732735,0.686633352
2.5,0.086865571,2.903370218,0.739183155,0.751374224,0.072240606,3.105543733,1.262357223,0.685896332,0.081834283,2.997038923,0.99498557,0.727130989,0.071715269,3.114331953,1.292074044,0.683098065
2.5,0.086610772,2.888449926,0.714529777,0.75515532,0.072473786,3.082219579,1.187774072,0.692903211,0.081272682,2.984725708,0.96314858,0.730368048,0.070806027,3.107780507,1.2714589,0.68440844
2.5,0.075727095,3.053416936,0.944903044,0.720336779,0.063515403,3.238621672,1.527360103,0.656026655,0.073549364,3.102876163,1.106409331,0.707386737,0.064082793,3.232319673,1.504446401,0.659078791
2.5,0.076612008,3.033456404,0.925117802,0.723018819,0.064183651,3.218204772,1.490767043,0.658696318,0.07438993,3.080415856,1.070441595,0.710480493,0.064953874,3.207933747,1.450907561,0.663029609
2.5,0.072779566,3.089843176,0.997684351,0.712916087,0.0612864,3.270580358,1.597825285,0.649677944,0.070786263,3.137790757,1.166378375,0.700507359,0.061314105,3.273212143,1.611862231,0.649396482
2.5,0.075564635,3.05088474,0.939943936,0.721238702,0.06364089,3.23236563,1.506899225,0.65865876,0.073069694,3.106780128,1.124576966,0.706679192,0.063260491,3.241409008,1.548640749,0.656057549
2.5,0.110221294,2.622637317,0.476168464,0.805121236,0.086693429,2.863239904,0.855524918,0.729224115,0.101104292,2.725397187,0.624368841,0.777442695,0.092909076,2.796034592,0.726341271,0.751669304
2.5,0.086334727,2.889440934,0.737936979,0.74653656,0.072750609,3.06708286,1.147040829,0.686304744,0.084250415,2.93312798,0.840417607,0.735995769,0.072520576,3.073627821,1.167727243,0.684798054
2.5,0.091897788,2.819562546,0.643296677,0.76381484,0.076103993,3.020526252,1.064140597,0.698669439,0.087167851,2.900691277,0.814318398,0.743260431,0.076003353,3.023403395,1.073173162,0.698015144
2.5,0.093072222,2.809258265,0.641978956,0.763693871,0.079430826,2.975783773,0.968958037,0.70926182,0.09014867,2.864218433,0.753935879,0.750395567,0.076887375,3.012103251,1.062804655,0.697406786
2.5,0.092930951,2.819263057,0.668161913,0.760257671,0.078389343,2.991682514,1.017264493,0.702190241,0.092051644,2.845691787,0.727236036,0.754888112,0.079143324,2.988824142,1.016301566,0.704514642
2.5,0.083316436,2.909653369,0.73490619,0.746132745,0.069950005,3.092450523,1.157121476,0.684805776,0.080448289,2.967843161,0.872212972,0.731802728,0.069150472,3.107950335,1.206523218,0.680271469
2.5,0.092478937,2.818437151,0.643015123,0.762813412,0.077209811,3.014022284,1.052509579,0.699708481,0.087939842,2.900531334,0.818521294,0.742496925,0.076269833,3.027920817,1.090394461,0.6952879
2.5,0.08260508,2.942372862,0.789976316,0.737467336,0.069472395,3.122582118,1.236518643,0.675727837,0.080663379,2.986003456,0.900489325,0.726919814,0.069475988,3.127011746,1.254257039,0.675172337
2.5,0.084193445,2.898835492,0.729829896,0.747206528,0.071303815,3.072084189,1.119952696,0.689071722,0.081927104,2.947547846,0.841475808,0.735533644,0.070076073,3.093115955,1.182865029,0.682449146
2.5,0.094536708,2.806184158,0.647117852,0.76383981,0.080986079,2.973245507,0.98780653,0.710227107,0.091964344,2.859242094,0.760244385,0.751679687,0.078339002,3.005454724,1.062194689,0.698763758
2.5,0.115636964,2.590251624,0.461703446,0.808803778,0.091494386,2.83857763,0.867338278,0.732932159,0.105188681,2.712885999,0.649630616,0.776840804,0.096519641,2.777990279,0.736161517,0.751602926
2.5,0.081683306,2.966552542,0.823703249,0.735362209,0.068472806,3.154221121,1.332393238,0.672013184,0.079024976,3.023607351,0.981755282,0.721058487,0.068523536,3.155865348,1.338861908,0.672038051
2.5,0.097929502,2.76850119,0.608726625,0.775473321,0.08223088,2.954120187,0.972300049,0.716291072,0.092133659,2.858751874,0.792935151,0.751978128,0.079548133,2.99259665,1.080355774,0.704003741
2.5,0.083750097,2.942953048,0.801716152,0.739482962,0.070876094,3.1166903,1.239470363,0.680404589,0.081950039,2.983827397,0.90951086,0.729542668,0.070514391,3.127501906,1.283047032,0.677711781
2.5,0.091428776,2.834303253,0.671204113,0.758411384,0.075491161,3.034925007,1.10438852,0.691838826,0.088292736,2.890303681,0.788770797,0.744425103,0.077495229,3.009410257,1.0371225,0.700940903
2.5,0.111316516,2.63446808,0.478887786,0.802028454,0.08822153,2.883788175,0.895190335,0.725537738,0.100508008,2.76841252,0.691316091,0.766825959,0.090813623,2.850874419,0.818684416,0.735777345
2.5,0.108498304,2.646276523,0.48304664,0.799574878,0.08779921,2.880507351,0.872947071,0.728721874,0.098023778,2.789722687,0.723343015,0.762841663,0.086361141,2.895069838,0.903285273,0.723402775
2.5,0.082655265,2.941377939,0.781741871,0.737911784,0.069034446,3.130051884,1.250288091,0.673518145,0.080734633,2.984180857,0.886537537,0.727469076,0.069889195,3.119331136,1.21674579,0.677788166
2.5,0.084226108,2.946150953,0.868218818,0.737660759,0.072821263,3.079114816,1.180240044,0.689168048,0.087946789,2.876379863,0.704828354,0.755307013,0.073771482,3.063942292,1.131793206,0.694068623
2.5,0.103803234,2.699904349,0.610706577,0.784143114,0.093089437,2.785887045,0.726573904,0.75235973,0.115441511,2.567264791,0.426374463,0.818624759,0.092243545,2.804003286,0.770024075,0.748080847
