Id,asm,con,eng,idm,label
IMG20190614092852,0.13398858153169474,0.7078562623274162,2.475193409268364,0.7547585030014422,1.0
IMG20190614092907,0.10799144836715226,0.8511033037475351,2.6416210535809195,0.7277920081051313,1.0
IMG20190614092911,0.11229200699422823,0.8060761834319525,2.6080346854777603,0.7333509846255245,1.0
IMG20190614092948,0.1226482489309552,0.6960897435897434,2.507873657183674,0.756380898119056,1.0
IMG20190614092950,0.13658548178526997,0.6822928994082842,2.441246415569903,0.7608879058299987,1.0
IMG20190614092952,0.1307145517017791,0.7844501972386587,2.5134793260299295,0.7433056017882206,1.0
IMG20190614092954,0.12041824995702423,0.7837968441814598,2.5573139211254876,0.7420315827497087,1.0
IMG20190614092956,0.12068229991077821,0.7656114398422089,2.536305980521859,0.7441763129625386,1.0
IMG20190614093001,0.12473723550610726,0.7270673076923075,2.5063127136856944,0.7494357300609122,1.0
IMG20190614093002,0.11454568525997236,0.8309331854043392,2.5897039282039906,0.7334540858424825,1.0
IMG20190614093004,0.13268523576274607,0.654358974358974,2.4462583583269395,0.762724282507219,1.0
IMG20190614093011,0.11928746717703863,0.7579536489151872,2.5482483255924615,0.7391104603847468,1.0
IMG20190614093013,0.13267749794451883,0.7092591222879685,2.4723478269543118,0.7492979878828602,1.0
IMG20190614093017,0.13345148007864024,0.521950197238659,2.429352686112735,0.782797826491248,1.0
IMG20190614093019,0.1291637736096157,0.5924802761341224,2.4291363227263756,0.768279079495692,1.0
IMG20190614093021,0.12101660604623289,0.733222386587771,2.527417741240273,0.7425596061551865,1.0
IMG20190614093023,0.127427720269591,0.6418540433925048,2.4696168769370406,0.759216852887989,1.0
IMG20190614093025,0.1287042744783705,0.6538584812623273,2.458032482916178,0.7581580229785926,1.0
IMG20190614093028,0.11449206594152517,0.7629573471400395,2.5685003233448405,0.7365020681474869,1.0
IMG20190614093041,0.13244654216432228,0.6674050788954634,2.447321443626337,0.758194613599047,1.0
IMG20190614093043,0.13363229745805993,0.6430485700197235,2.421684296299889,0.7617377636200691,1.0
IMG20190614093047,0.14000011430669593,0.7200986193293886,2.4389986922442892,0.7519036781560541,1.0
IMG20190614093049,0.15420870205711015,0.5829499506903353,2.3310515230466775,0.7772137755807832,1.0
IMG20190614093051,0.1310262004505342,0.6682125246548326,2.449764718938934,0.7586725437310176,1.0
IMG20190614093053,0.12079172405632044,0.8124408284023669,2.54848540425151,0.7355774450555607,1.0
IMG20190614093055,0.12684095709104823,0.7163732741617357,2.49411835654895,0.7487294032415724,1.0
IMG20190614093057,0.12314367185190127,0.7601047830374755,2.5251062417863928,0.7431185131017047,1.0
IMG20190614093100,0.14394459985164546,0.5590002465483241,2.349963508400358,0.7802744763267777,1.0
IMG20190614093102,0.13292368222626078,0.673916420118343,2.442180377504492,0.7584758375316202,1.0
IMG20190614093116,0.15298543839009043,0.5011637080867849,2.270701664730923,0.7909742968201803,1.0
IMG20190614093118,0.1182694588674605,0.8232630670611442,2.5586072989863555,0.7298387825879774,1.0
IMG20190614093120,0.14379480480101797,0.6323076923076922,2.3731849887865084,0.7648641599483823,1.0
IMG20190614093122,0.13472401762559125,0.6225899901380674,2.4077892735502613,0.7643176191324861,1.0
IMG20190614093124,0.114959879097407,0.7907581360946745,2.560756243604938,0.7328096375217287,1.0
IMG20190614093126,0.13757956650987505,0.7021425049309663,2.442390272674925,0.7504861388162639,1.0
IMG20190614093128,0.11849243995217101,0.7943281558185403,2.548240709428775,0.7337988480612859,1.0
IMG20190614093130,0.1327842359807249,0.7829450197238659,2.482626770340939,0.7383337320348676,1.0
IMG20190614093131,0.11872113355424199,0.802679980276134,2.543272136932988,0.732462730528983,1.0
IMG20190614093143,0.14580965228936157,0.5401614891518735,2.33135378961328,0.7828136931768985,1.0
IMG20190614093147,0.14160504826991893,0.6550110946745564,2.387007798807883,0.7595513044749076,1.0
IMG20190614093150,0.14423947713246066,0.6302921597633137,2.372262169347925,0.7656705766510377,1.0
IMG20190614093154,0.13661678928889767,0.6149975345167654,2.4014851531748835,0.7660119355348214,1.0
IMG20190614093156,0.15154340993077928,0.6558900394477317,2.3505556880477574,0.7623255089985164,1.0
IMG20190614093158,0.1468601154336698,0.565165187376726,2.327402637622235,0.7783814161359411,1.0
IMG20190614093201,0.14563995894721185,0.5684824950690329,2.3377766403164326,0.7775456450555358,1.0
IMG20190614093203,0.12917321205812166,0.7761785009861928,2.496749163161394,0.7395297104688431,1.0
IMG20190614093247,0.1307225117265457,0.6322793392504927,2.4441734647505537,0.7645012692459657,1.0
IMG20190614093249,0.14282781893147067,0.528985453648915,2.3266033832758994,0.7839026030612398,1.0
IMG20190614093251,0.136100181238244,0.6150813609467458,2.4039050012784764,0.7680438804637724,1.0
IMG20190614093255,0.12668023991321936,0.7234183925049309,2.4909455850606594,0.7505450000891749,1.0
IMG20190614093330,0.12123707359631568,0.7730793885601578,2.532985109178964,0.7386469908501232,1.0
IMG20190614093332,0.12238073705214036,0.7470352564102565,2.5296865667840067,0.7438555666040477,1.0
IMG20190614093334,0.13611628366120124,0.5840076429980275,2.404896328088131,0.7734830412111088,1.0
IMG20190614093338,0.1339408284433976,0.6134997534516762,2.4203734339001506,0.7650542011418233,1.0
IMG20190614093340,0.13792763031227753,0.5952071005917161,2.376326575421635,0.7696985406884028,1.0
IMG20190614093342,0.12273568855518548,0.7865335305719922,2.5260301182054627,0.7368558522798955,1.0
IMG20190614093346,0.13400966346792084,0.6261205621301773,2.418595416782461,0.7652355819221854,1.0
IMG20190614093350,0.14444003379614637,0.5432988165680475,2.3559627509229704,0.7793221217676751,1.0
IMG20190614093352,0.12582228702777726,0.7411328895463511,2.5060419219572134,0.7445036184139173,1.0
IMG20190614093359,0.1327662229541473,0.6427157297830371,2.4691660971785803,0.760414424433738,1.0
IMG20190614093653,0.18923125892491566,0.3758690828402367,2.120484340452133,0.8257980247460099,1.0
IMG20190614093657,0.12242253419611875,0.6804203648915185,2.4877285148291914,0.7521734225701376,1.0
IMG20190614093700,0.14636655702834137,0.5117788461538461,2.3379872312497967,0.7863294552159457,1.0
IMG20190614093709,0.12022046791631893,0.7689102564102563,2.520202583293393,0.7378311286781442,1.0
IMG20190614093713,0.13365149113866662,0.6955954142011834,2.4312170055662254,0.7520309260181828,1.0
IMG20190614093717_1,0.13666026921636282,0.5658789447731752,2.371304106417889,0.7743214539946914,1.0
IMG20190614093720,0.14625443242794894,0.5023446745562126,2.3058303736787615,0.7887621884542173,1.0
IMG20190614093803,0.15614073479636892,0.46767258382642996,2.224799933386108,0.7972706068266714,1.0
IMG20190614093806,0.13931559531360022,0.6064151873767256,2.3616117634023475,0.76687255933743,1.0
IMG20190614093811,0.1518264380633046,0.5484812623274162,2.288572288084014,0.7791245403111483,1.0
IMG20190614093814,0.132916935759026,0.6736217948717947,2.4187805571268304,0.7560089123193723,1.0
IMG20190614093819,0.14629728827693111,0.48693663708086776,2.2908523995057526,0.7919703687056758,1.0
IMG20190614093822,0.14036028929704303,0.5867480276134122,2.347918361503965,0.7714118950807077,1.0
IMG20190614093824,0.1303247770655474,0.6848175542406312,2.435154783269837,0.7521172507905105,1.0
IMG20190614093828,0.16716039348437695,0.4675258875739644,2.1929424706558227,0.7983402660810293,1.0
IMG20190614094129,0.16163556313831454,0.4522645463510847,2.2028456595900874,0.8012147574322693,1.0
IMG20190614094131,0.15144019793070831,0.5329252958579881,2.298207253325553,0.7825054379840362,1.0
IMG20190614094134,0.14542830615618269,0.541476824457594,2.323428974927165,0.7810486453199297,1.0
IMG20190614094136,0.15324349014104563,0.5099063116370809,2.2924621836107235,0.7878354759247985,1.0
IMG20190614094149,0.13586307049099836,0.6896264792899406,2.384838538935217,0.7503054413489365,1.0
IMG20190614094215,0.16227414049856492,0.5641395463510848,2.2149180439257266,0.7792510982239836,1.0
IMG20190614094219,0.16135057394060806,0.5708308678500986,2.2130608643298038,0.7775444801638502,1.0
IMG20190614094222,0.14233528282028676,0.7968663708086785,2.3795719597732075,0.7402386287824677,1.0
IMG20190614094225,0.13851846611534907,0.8159566074950689,2.3844379280104238,0.7359096452104195,1.0
IMG20190614094227,0.1772889861329333,0.5445968934911242,2.136769513287688,0.7842720168858914,1.0
IMG20190614095054,0.171758655343011,0.3105929487179487,2.1335128364333933,0.8484180951966585,1.0
IMG20190614095058,0.16765336017980767,0.3238424556213019,2.1565131220758693,0.8433626943380903,1.0
IMG20190614095100,0.1687258670753801,0.3288030078895464,2.1536178596531803,0.841439762443439,1.0
IMG20190614095103,0.16971406775343667,0.32352564102564113,2.1468646474313022,0.8433844848590326,1.0
IMG20190614095105,0.17829250395079096,0.31509861932938865,2.1068090395810075,0.8470743270681054,1.0
IMG20190614095112,0.17304808900278976,0.3059652366863906,2.1271963609392084,0.8499140779092702,1.0
IMG20190614095114,0.1694873294266729,0.3107889546351085,2.140772888626465,0.8480048294465715,1.0
IMG20190614095117,0.17378783361677877,0.296775147928994,2.114588242177067,0.853693859496461,1.0
IMG20190614095119,0.17032267743850638,0.3086254930966469,2.140115586996866,0.8488970370692656,1.0
IMG20190614095122,0.1775311829423208,0.303822731755424,2.1168467126793535,0.8509923787562365,1.0
IMG20190614095138,0.167557211558217,0.32574704142011845,2.1680322320704346,0.8421807634296323,1.0
IMG20190614095140,0.17164176131514564,0.30428747534516765,2.136323536579913,0.8503210059171599,1.0
IMG20190614095142,0.17825686321753093,0.30755670611439845,2.1162300869097628,0.8495346327880263,1.0
IMG20190614095144,0.16681523336595103,0.31935034516765287,2.1574700415473327,0.844357270274974,1.0
IMG20190614095145,0.16830919616280599,0.31236932938856027,2.1472190650659275,0.8469618575240744,1.0
IMG20190614101044,0.0691398812352533,1.544259122287968,3.1122139985954003,0.6576704374227198,1.5
IMG20190614101046,0.06156978054737372,1.8296141518737679,3.22474191132566,0.634712958856649,1.5
IMG20190614101048,0.059791676509451976,1.9349383629191312,3.2620405892381017,0.6276151268666026,1.5
IMG20190614101050,0.06505609241057882,1.7912721893491126,3.193968791059203,0.639886881414136,1.5
IMG20190614101051,0.06081852670690947,1.8741987179487167,3.231917826634986,0.6317238033176839,1.5
IMG20190614101054,0.06013195060663287,1.9293639053254432,3.247432419082188,0.6284849815362752,1.5
IMG20190614101056,0.05884239263021106,1.9680658284023662,3.2781285650658525,0.6253910558679675,1.5
IMG20190614101058,0.059860363601942135,1.9365470907297837,3.2513832931062945,0.6284930392094149,1.5
IMG20190614101100,0.0582843320591964,1.960742110453648,3.278923815139616,0.6251708821349897,1.5
IMG20190614101102,0.06183228158985495,1.7904943293885587,3.214685693358463,0.6375073920156042,1.5
IMG20190614101108,0.06966256642246467,1.3761365877712028,3.084065286571633,0.6629795566751728,1.5
IMG20190614101110,0.06000074901362435,1.6967924063116366,3.2371091994018073,0.6342781712914368,1.5
IMG20190614101113,0.0577773247801854,1.8225456114398424,3.2732518718143404,0.6256731863272708,1.5
IMG20190614101115_1,0.058394758898412856,1.799722633136094,3.250734733984665,0.6257078221996398,1.5
IMG20190614101118,0.0629289071177212,1.4514571005917154,3.1663065800603305,0.6538130289010406,1.5
IMG20190614101120,0.06261935180798454,1.6830424063116374,3.2039917985181563,0.6374868221892668,1.5
IMG20190614101124,0.06238089915948661,1.5548730276134122,3.1880696151884353,0.6465493989697154,1.5
IMG20190614101128,0.05817485894439144,1.8290951676528595,3.261950739151575,0.6256436543177978,1.5
IMG20190614101136,0.06845058150239594,1.2449802761341213,3.071972407368316,0.674077474908428,1.5
IMG20190614101648,0.07739746184549198,1.437776134122288,3.014432383288317,0.6628106082021076,1.5
IMG20190614101651,0.06382371334569233,2.0853747534516764,3.23195408113056,0.6156870568483188,1.5
IMG20190614101653,0.0709481317354011,1.665038214990138,3.0975836597155806,0.6437554243224491,1.5
IMG20190614101655,0.07202559527956007,1.7366469428007898,3.1065280625719573,0.6410793998031151,1.5
IMG20190614101657,0.06701263423237155,1.9836526134122279,3.1843381295292725,0.622638794628964,1.5
IMG20190614101659,0.0643249812824476,1.9967813116370807,3.2144393539165956,0.6211561923925941,1.5
IMG20190614101702,0.06858946957371206,1.781501479289941,3.1460812326998435,0.6368453071540882,1.5
IMG20190614101704,0.0682022304584316,1.8272152366863907,3.1401275299233538,0.6313548578248586,1.5
IMG20190614101707,0.08136836465123136,1.2835737179487174,2.929289281159925,0.6780294270847562,1.5
IMG20190614101709,0.07257528470526292,1.5378229783037478,3.0620799352033217,0.6561463888702596,1.5
IMG20190614102127,0.08785254015740919,0.9804252958579882,2.834938001345931,0.7044014536159897,1.5
IMG20190614102129,0.09142229389356453,0.9541728303747532,2.7854067683974773,0.706845705654046,1.5
IMG20190614102131,0.08571220800344728,1.1450616370808675,2.8893808020135237,0.6873881149322166,1.5
IMG20190614102133,0.09316079015303258,0.8702095660749507,2.7481305698801552,0.7160605591789548,1.5
IMG20190614102135,0.08859817380240488,1.0503291420118341,2.8423688408125454,0.6986823168799807,1.5
IMG20190614102137,0.090352823156103,1.0144933431952665,2.8110244813621335,0.702463464393803,1.5
IMG20190614102139,0.0689783316225092,1.6953094181459565,3.133768319325505,0.6340084564021714,1.5
IMG20190614102141,0.06338409453760516,1.7897657790927024,3.192208503071501,0.6250867395322843,1.5
IMG20190614102142,0.07072122951114132,1.4401898422090722,3.0759647584333174,0.6544149575774538,1.5
IMG20190614102144,0.08153843058771137,1.087486439842209,2.894108638022315,0.6865088532255648,1.5
IMG20190614102155,0.07500031377924297,1.4966518737672585,3.0364552213379965,0.6548225218858127,1.5
IMG20190614102157,0.0961071291718092,0.7948224852071004,2.709328014910252,0.7283511060964515,1.5
IMG20190614102159,0.07499688842308523,1.3427403846153847,3.006774277452835,0.665335601719327,1.5
IMG20190614102201,0.07098541179618235,1.3725431459566078,3.064185512217798,0.6587630770744373,1.5
IMG20190614102203,0.0668816414212976,1.7509960552268247,3.1440401149408657,0.6291247367293934,1.5
IMG20190614102205,0.06484902494119557,1.8640039447731753,3.185168196182956,0.6207668565420492,1.5
IMG20190614102206,0.06919791140715145,1.5611834319526618,3.113798131324836,0.6446313915925218,1.5
IMG20190614102208,0.06251824935524211,1.9074728796844176,3.2223135589428766,0.6170279668470254,1.5
IMG20190614102210,0.06264610403348436,1.8086304240631161,3.2030626914975056,0.6235344661468286,1.5
IMG20190614102212,0.0656631251802307,1.6386119329388553,3.1518079190038004,0.6364126899359066,1.5
IMG20190614102250,0.0925254600183841,0.9817973372781069,2.78805297653056,0.7040285323195692,1.5
IMG20190614102252,0.07741429340350718,1.3040446252465487,2.984811942675442,0.668236954726066,1.5
IMG20190614102254,0.0734336758309578,1.5819119822485201,3.0763019443765653,0.647597200278716,1.5
IMG20190614102256,0.06759989472003636,1.862613412228797,3.169926194630981,0.6258867144306361,1.5
IMG20190614102258,0.06787780883186431,1.7389312130177526,3.149902209044033,0.635349153802121,1.5
IMG20190614102300,0.07229997240768055,1.458756163708086,3.0530853580445454,0.6546982454482251,1.5
IMG20190614102302,0.06869979784830661,1.8002317554240628,3.1517374752384315,0.6304444534762089,1.5
IMG20190614102304,0.06904374162519841,1.7636846646942799,3.1495452601346976,0.6339740458182554,1.5
IMG20190614102306,0.07286141031081378,1.5566950197238658,3.0782327741011892,0.6485719006729767,1.5
IMG20190614102307,0.08819549177181439,0.9714866863905322,2.8488276912905017,0.7071448785367337,1.5
IMG20190614102315,0.09385657041708247,0.8532729289940828,2.770976081086858,0.7169163916583993,1.5
IMG20190614102317,0.0710028403068943,1.5454388560157786,3.0825564824501948,0.6421877252130912,1.5
IMG20190614102319,0.06966081924828786,1.6202280571992114,3.1047043115412807,0.6366457315448674,1.5
IMG20190614102321,0.06866214600468926,1.6535626232741618,3.1207967703053816,0.6345166733238106,1.5
IMG20190614102323,0.06930041905768689,1.7240051775147935,3.125921070381834,0.6309354877711528,1.5
IMG20190614102325,0.08572233116454694,1.0461291913214992,2.849690532750728,0.6896574788535892,1.5
IMG20190614102327,0.08615496959146163,1.0677009368836285,2.855830010655965,0.6890930580018425,1.5
IMG20190614102330,0.07700954771299684,1.4464299802761338,3.0027374497137527,0.6525006717589309,1.5
IMG20190614102332,0.07642855199634843,1.4531373274161736,3.005142983398982,0.651142665427008,1.5
IMG20190614102334,0.07631448271262237,1.3818330867850106,3.002608498003965,0.6570786455080013,1.5
IMG20190614102433,0.08699027526579318,0.8750875246548319,2.8320217182530167,0.7153853949048652,1.5
IMG20190614102441,0.09644813154392495,0.8792048816568045,2.7347035005760425,0.7164300316058716,1.5
IMG20190614102443,0.07722805449878965,1.4083271696252457,2.995878461696434,0.6567230229972265,1.5
IMG20190614102445,0.08204493682229605,1.3039558678500986,2.9393366311128735,0.6677542514583984,1.5
IMG20190614102448,0.07674609867519173,1.3904955621301776,2.9939823894133855,0.65785896296173,1.5
IMG20190614102450,0.07299679278227351,1.5537241124260355,3.0625106412308982,0.6450723369371009,1.5
IMG20190614102452,0.08405295080078365,1.1229585798816568,2.899167191555983,0.6853769229020444,1.5
IMG20190614102454,0.0910878882604216,1.0666210552268245,2.814917752029397,0.691015477430562,1.5
IMG20190614102456,0.0783108450519769,1.574831114398422,3.0250398844654045,0.6468781512923681,1.5
IMG20190614102458,0.08102499734820742,1.2500172583826434,2.9411490446405377,0.6732274911932941,1.5
IMG20190614102500,0.094899676485867,0.7943441814595662,2.7383597018147654,0.7265879880221597,1.5
IMG20190614102506,0.125671166238915,0.6012968441814592,2.4568330732481405,0.7623036779751449,1.5
IMG20190614102513,0.08417889969878072,1.252684911242604,2.9081123397146835,0.6686043160700665,1.5
IMG20190614102516,0.08419219157418677,1.3739016272189353,2.9118554506146426,0.6583624898116079,1.5
IMG20190614102518,0.0877000627874573,1.1927403846153843,2.863939799475636,0.6765485889607844,1.5
IMG20190614102521,0.10657110495135415,0.7406471893491122,2.6420313192274185,0.7346295684828447,1.5
IMG20190614102523,0.11346235567410057,0.7184787968441816,2.575524622232402,0.7375167715092535,1.5
IMG20190614102526,0.13129759014058362,0.49537721893491127,2.4194563611682343,0.7854586611699385,1.5
IMG20190614102529,0.09128000203602961,1.1388954635108484,2.798810544547148,0.6797429563764139,1.5
IMG20190614102532,0.11971555883283684,0.5789213510848128,2.4911672378601986,0.7640482647514717,1.5
IMG20190614102534,0.12770994271915323,0.45653599605522693,2.413854961854327,0.7960305295991859,1.5
IMG20190614102546,0.12404578504335508,0.6592862426035506,2.482699746445097,0.7464286337640887,1.5
IMG20190614102549,0.11124280821549339,0.7983345660749507,2.6186004815545427,0.7256089291830723,1.5
IMG20190614102604,0.08909860771468917,0.9888806706114394,2.811385787897673,0.7008766062878055,1.5
IMG20190614102606,0.07381895575934692,1.5861193293885596,3.0600276804601427,0.6475954909026218,1.5
IMG20190614102608,0.07787734270599911,1.3818910256410248,2.997544715851066,0.6638391813827605,1.5
IMG20190614102610,0.07634747976826646,1.2839497041420118,2.999925243491534,0.6716840632212984,1.5
IMG20190614102617,0.08847193796373691,0.989346646942801,2.791076094413279,0.6995167894733343,1.5
IMG20190614102619,0.07717426839550774,1.3800899901380659,2.9978762859256043,0.6616065656358248,1.5
IMG20190614102622,0.08025155133815673,1.258110207100591,2.942976872094875,0.672741995802799,1.5
IMG20190614102624,0.06677011434803042,1.773719181459566,3.1594755299814063,0.6278899091871458,1.5
IMG20190614105601,0.11378129438751215,0.887677514792899,2.6029649687249137,0.71630964124249,2.0
IMG20190614105603,0.09901996627618904,1.0830115877712034,2.7282254530684087,0.6910603685705974,2.0
IMG20190614105605,0.11370079691001274,0.8866370808678496,2.5755082657998813,0.716046870455424,2.0
IMG20190614105607,0.1014422044638741,1.1298311143984223,2.7321695881289374,0.6883995961486001,2.0
IMG20190614105609,0.11443546261638098,0.8337709566074951,2.5676900216254355,0.7234001199635336,2.0
IMG20190614105611,0.10332453768998079,1.0976602564102562,2.7102514106609727,0.6920208248999754,2.0
IMG20190614105613,0.11227357971358327,0.917283037475345,2.6164198807365544,0.7124258381859061,2.0
IMG20190614105615,0.10796404194974737,0.9934183925049306,2.6384333768381043,0.7018279512078549,2.0
IMG20190614105617,0.10327072378922648,1.033974358974359,2.7027135847296373,0.698396131407452,2.0
IMG20190614105619,0.10287926303539156,1.067359467455622,2.717282479190998,0.69550887898394,2.0
IMG20190614105644,0.08849819923833835,1.9910133136094665,2.982402754840984,0.6253367190434687,2.0
IMG20190614105647,0.09005811955326366,1.7067825443786988,2.9057895161336007,0.6388449404013108,2.0
IMG20190614105649,0.09707602012256183,1.7803464003944773,2.890177556862216,0.6398148551375549,2.0
IMG20190614105651,0.08724097998612378,1.8503168145956617,2.9520822106035824,0.6285189607082994,2.0
IMG20190614105653,0.08833948687646855,1.8096277120315576,2.937556176990715,0.632852759359671,2.0
IMG20190614105655,0.09923352130667458,1.427926528599605,2.7996063922528696,0.6624619779971671,2.0
IMG20190614105657,0.09625146197350741,1.7418836291913216,2.8875733902699894,0.6411295714254047,2.0
IMG20190614105659,0.08747380428774036,1.8773656311637068,2.954588489689754,0.6289987150418707,2.0
IMG20190614105701,0.09129052771948391,1.6764003944773167,2.8905763927294212,0.6421435025999304,2.0
IMG20190614105703,0.09165677553969521,1.652951183431952,2.887731546776982,0.6423773490561707,2.0
IMG20190614105705,0.09375428446856189,1.609129684418146,2.8576676752534724,0.6462859145254395,2.0
IMG20190614105711,0.09224943680637009,1.8564102564102574,2.913318082613026,0.6380613482774933,2.0
IMG20190614105713,0.09871788328933633,1.8238695759368833,2.881610592953109,0.6429787320205711,2.0
IMG20190614105715,0.09966622837930464,1.757035256410256,2.8538280947529997,0.6457081214037018,2.0
IMG20190614105717,0.09428661927814588,1.9965927021696253,2.9349755123015493,0.6309040521108901,2.0
IMG20190614105719,0.0910058818111406,1.8733234714003946,2.9293715888554077,0.635707566319359,2.0
IMG20190614105721,0.09476018864441942,1.9719514299802756,2.936523305080626,0.6331424112341945,2.0
IMG20190614105723,0.09968128313600953,1.7317270710059165,2.8492876341182245,0.6477389753005376,2.0
IMG20190614105725,0.09444529313203653,1.750447485207101,2.88930961311985,0.6449655899701492,2.0
IMG20190614105727,0.10658183067874463,1.3922016765285994,2.736304242593277,0.6758555687534643,2.0
IMG20190614105729,0.1139303491822692,1.1616235207100587,2.678025941892993,0.6958224618064209,2.0
IMG20190614105740,0.10976009031078462,1.0677909270216965,2.613549693671394,0.6913987055926578,2.0
IMG20190614105742,0.09208218917982317,1.6883012820512815,2.8944809148324446,0.6404613951665127,2.0
IMG20190614105746,0.11106804835696449,0.944199950690335,2.592687712323216,0.7063596605062458,2.0
IMG20190614105756,0.12688029280926244,0.8123298816568048,2.462821665592345,0.7256742235461517,2.0
IMG20190614105758,0.14800299850569584,0.5025912228796845,2.3066777360458524,0.7859774578187386,2.0
IMG20190614105800,0.10043404703936545,1.596058925049309,2.825912436166906,0.6501929147822094,2.0
IMG20190614105802,0.12880988569269622,0.7084072978303748,2.455816240637533,0.7446091456734253,2.0
IMG20190614105805,0.12210349708524691,0.9959516765285998,2.551596004287187,0.7066124063345524,2.0
IMG20190614105807,0.09708983943874758,1.5878007889546362,2.844226192162452,0.6507082465273986,2.0
IMG20190614105809,0.12215987079098975,0.9686094674556209,2.5551800739803423,0.7105767627978993,2.0
IMG20190614105818,0.10229418753665401,1.2506323964497046,2.738634080217557,0.6749430020647446,2.0
IMG20190614105821,0.1005490704517305,1.293979289940829,2.7555196309495975,0.6699402416131361,2.0
IMG20190614105823,0.1222553302504459,0.8196351084812625,2.5062450947190777,0.7262726469936966,2.0
IMG20190614105827,0.12228364723110914,0.85258382642998,2.510112982657022,0.7178280044703732,2.0
IMG20190614105829,0.11477057327074554,1.1262882149901385,2.641372000899752,0.6919106678415817,2.0
IMG20190614105831,0.09878061020679663,1.6021264792899406,2.8443319638798057,0.6478634265291833,2.0
IMG20190614105834,0.10602757685396319,1.174159270216963,2.7145702389403157,0.6824719643981916,2.0
IMG20190614105836,0.0926936984701238,1.623218688362919,2.873019388523704,0.6428234428105791,2.0
IMG20190614105838,0.09246281623196112,1.7966826923076924,2.9204181471359645,0.6329203181775115,2.0
IMG20190614105840,0.1118378057311665,0.8560046844181464,2.5949371755579325,0.719966545237773,2.0
IMG20190614105846,0.09570453772158956,1.6269810157790927,2.8570732232878098,0.6465905890839907,2.0
IMG20190614105848,0.11516243727028946,0.9738868343195267,2.6109985559387194,0.7088769225854546,2.0
IMG20190614105850,0.0934957571820572,1.6408062130177516,2.8645777819242384,0.6468013570162925,2.0
IMG20190614105852,0.10830759369292185,1.176151380670611,2.6850444834292078,0.6862635766205365,2.0
IMG20190614105855,0.17106858766014688,0.4538745069033529,2.1822658183267576,0.7999866956379792,2.0
IMG20190614105857,0.11141931166789944,0.970645956607495,2.6200495808709707,0.707293970526123,2.0
IMG20190614105859,0.12276830303238628,0.871633382642998,2.5434626434066474,0.7223645452746784,2.0
IMG20190614105901,0.10849337289078395,1.1815631163708091,2.69105851794483,0.685508789997922,2.0
IMG20190614105903,0.09569825990588124,1.6310009861932935,2.864507408943513,0.6485355295998636,2.0
IMG20190614105905,0.13245739387389402,0.8466691321499015,2.504601379630886,0.7280572788229068,2.0
IMG20190614105911,0.12536436475116358,0.9386587771203155,2.538778875604313,0.7121634785438735,2.0
IMG20190614105913,0.10869967977743299,1.0896560650887568,2.669222089910241,0.6954445032658098,2.0
IMG20190614105915,0.1002170891648455,1.4343491124260352,2.788508538136109,0.6591433373579482,2.0
IMG20190614105918,0.10629411410099582,1.2906040433925043,2.711808798257773,0.6716274216399526,2.0
IMG20190614105920,0.10875110886111453,1.4192110453648918,2.743436429380452,0.6629218252251763,2.0
IMG20190614105922,0.1609360291061358,0.5243035009861934,2.233150309521811,0.7813321120643388,2.0
IMG20190614105924,0.14438723340594836,0.6100258875739645,2.332537187110982,0.7586392775962262,2.0
IMG20190614105927,0.11524426302080294,1.0719600591715976,2.6412566205063914,0.696317264859172,2.0
IMG20190614105929,0.1353946179628568,0.7089558678500985,2.4629515104872253,0.7462253808699727,2.0
IMG20190614105936,0.1471999284684657,0.6473311143984221,2.37045322358822,0.7549415059504466,2.0
IMG20190614105938,0.15460222392088904,0.5109578402366862,2.258346523819806,0.7835538670095968,2.0
IMG20190614105940,0.10650133930112791,1.0857248520710057,2.654238956401667,0.6892445430778447,2.0
IMG20190614105942,0.1599379484659905,0.4391222879684419,2.197511444939013,0.8015786444527742,2.0
IMG20190614105944,0.1132730734233186,1.0545993589743599,2.595077922559631,0.6941348065899712,2.0
IMG20190614105947,0.13563706618345378,0.6515039447731753,2.4082975896067804,0.7524027453911112,2.0
IMG20190614105949,0.12311091295914152,0.8254228303747536,2.4938235962904107,0.7225991004951108,2.0
IMG20190614105951,0.1030135031602073,1.3179696745562135,2.7350100116690266,0.6669064583087604,2.0
IMG20190614105953,0.11442006399892386,1.0212413708086785,2.5986533109092935,0.6992540084138195,2.0
IMG20190614105956,0.11113730029798548,1.0615742110453643,2.634331485868465,0.6932673911122964,2.0
IMG20190614110005,0.10985685426070274,1.2432236193293884,2.6688229104363765,0.6743818470693644,2.0
IMG20190614110008,0.16040986792188694,0.5128500986193297,2.2133842365907026,0.782101171594497,2.0
IMG20190614110012,0.1367036914274491,0.7972892011834319,2.4220169861112075,0.7260343810144585,2.0
IMG20190614110014,0.1295243782936935,0.8152539447731753,2.4514282334857054,0.7231136054633445,2.0
IMG20190614110017,0.1723883412656122,0.5054536489151875,2.1658852900253596,0.7837410199062219,2.0
IMG20190614110019,0.14099453218762514,0.6999223372781066,2.3630278943165157,0.7439512393477978,2.0
IMG20190614110021,0.15326892500463188,0.6186563116370808,2.3082809798579027,0.758857935280055,2.0
IMG20190614110024,0.15086028581400088,0.5872497534516765,2.2820480031823847,0.7639378475254959,2.0
IMG20190614110026,0.14675622118891968,0.5840372287968444,2.2934189411617254,0.7631982100024864,2.0
IMG20190614110117,0.1422139740000326,0.5492443293885604,2.3045186236987343,0.7709739077128348,2.0
IMG20190614110125,0.139416842686426,0.6593614398422094,2.3401178024579985,0.7487265474020434,2.0
IMG20190614110128,0.11227816203847561,1.1669588264299795,2.617968654519334,0.6811263477181028,2.0
IMG20190614110140,0.12330949967680035,0.8216272189349118,2.5118956870604148,0.7277883807506935,2.0
IMG20190614110141,0.09480356718982805,1.550496794871794,2.8684043223624163,0.6518459489156276,2.0
IMG20190614110143,0.09412044238920643,1.5898828895463506,2.882966593048833,0.6483812680618525,2.0
IMG20190614110145,0.09188817709153956,1.6890187376725834,2.907991883053772,0.6428686982705347,2.0
IMG20190614110152,0.14726857826261974,0.5927785996055226,2.3450072249359737,0.7716614039378741,2.0
IMG20190614110154,0.08833086685776595,1.777377958579882,2.9490205491835346,0.6373004150607073,2.0
IMG20190614110156,0.11053892004327229,1.183766025641025,2.703423272257899,0.6918269292006802,2.0
IMG20190614110158,0.10016652720973183,1.4980744575936877,2.818936505172776,0.6655712940136388,2.0
IMG20190614124857,0.0554458415956807,1.9858690828402368,3.3419030558226446,0.6042071227644438,2.5
IMG20190614124859,0.053787732851700965,2.0697559171597617,3.370356060219489,0.5994861603768254,2.5
IMG20190614124901,0.047289080542826975,2.633948471400394,3.5077576942678825,0.5618525065900014,2.5
IMG20190614124902,0.052350219241698574,2.3164053254437884,3.4203059387343835,0.5842141135555615,2.5
IMG20190614124904,0.05002120506602097,2.2792122781065087,3.449997523980362,0.5841010644605651,2.5
IMG20190614124906,0.04990315451315943,2.4869810157790924,3.4639072035405865,0.5730071903439617,2.5
IMG20190614124907,0.04487166841700173,2.763240877712031,3.555345417935101,0.5552118218151859,2.5
IMG20190614124909,0.06053075885610576,1.7720401873767264,3.2591215768863258,0.6272405446036478,2.5
IMG20190614124911,0.05923304869797441,1.6093540433925058,3.2483793120771947,0.6284282734083056,2.5
IMG20190614124913,0.057607212375789744,1.9624580867850099,3.3134129284547313,0.612927683075246,2.5
IMG20190614124917,0.050466004665270514,2.302973372781065,3.441161488934445,0.5850264592979914,2.5
IMG20190614124919,0.04558963520057216,2.7098385108481255,3.548337586229754,0.5609219063720629,2.5
IMG20190614124921,0.049746645059952084,2.4721708579881665,3.460141138444887,0.5737092945821078,2.5
IMG20190614124922,0.051127665291624824,2.2592246055226837,3.423554356333042,0.5877935885693462,2.5
IMG20190614124924,0.04978690081493462,2.4519575936883626,3.4710056634265265,0.5769920387856224,2.5
IMG20190614124926,0.054255971257851116,2.193070759368836,3.373661579547453,0.5931158783007767,2.5
IMG20190614124928,0.05010590639302963,2.4649223372781073,3.460016398751991,0.5758762473265072,2.5
IMG20190614124930,0.06721060308692357,1.471846646942801,3.1380218746095405,0.6515212546332325,2.5
IMG20190614124933,0.05421343686995233,2.1506188362919127,3.3730590134395646,0.5973373710017799,2.5
IMG20190614124937,0.04575650813870848,2.7144563609467443,3.5438948838113924,0.5610837748047219,2.5
IMG20190614125134,0.05186889029882192,2.31340483234714,3.4081340902972865,0.5812071558399599,2.5
IMG20190614125157,0.06539004747301341,1.4963165680473371,3.114557514843406,0.6365152973475574,2.5
IMG20190614125159,0.04959040707431999,2.6996560650887567,3.453478885580043,0.559224441363306,2.5
IMG20190614125201,0.055359096771493456,2.259882889546351,3.3288381089899444,0.5880679767981454,2.5
IMG20190614125203,0.05266943179334243,2.368965729783037,3.38095942336949,0.5810814120605402,2.5
IMG20190614125205,0.057521534131442356,2.136691321499013,3.3036872758818685,0.5969225219993887,2.5
IMG20190614125207,0.04904066585888047,2.657461785009864,3.447401877668728,0.5606331033401831,2.5
IMG20190614125209,0.050534775490580115,2.587258382642997,3.425226290927484,0.5633356520572865,2.5
IMG20190614125211,0.047240269409054805,2.806542159763315,3.487071900423069,0.5528122254598563,2.5
IMG20190614125213,0.04986691830126504,2.6334874260355026,3.4436063839114888,0.5621838096281764,2.5
IMG20190614125218,0.06541375661990756,1.6122694773175537,3.1333641215353603,0.6272274874203789,2.5
IMG20190614125220,0.051549197734733945,2.2837191814595648,3.3880436474948574,0.5741310627430534,2.5
IMG20190614125222,0.056175777993385995,2.07176282051282,3.3133531734500927,0.5904044780759032,2.5
IMG20190614125224,0.05660313106493071,1.92228550295858,3.2808354874405095,0.598699820926954,2.5
IMG20190614125226,0.056511809489934305,1.996841715976331,3.2900922360344076,0.5931501523931448,2.5
IMG20190614125228,0.054580246782045934,2.1906323964497023,3.34759569947322,0.5820031992315995,2.5
IMG20190614125230,0.054511492897815685,2.115996055226826,3.3364877467841336,0.586584873420261,2.5
IMG20190614125233,0.051949482596521004,2.3584307199211025,3.3949183672327976,0.5697943588508001,2.5
IMG20190614125234,0.0529562443149823,2.1981878698224855,3.365789299983412,0.5801872491413945,2.5
IMG20190614125236,0.056139864683204824,2.0247177021696237,3.3181068947123165,0.5950191707751779,2.5
IMG20190614125250,0.06786081619074816,1.617281804733727,3.1048162354514166,0.6306641141957509,2.5
IMG20190614125252,0.05168985516714466,2.515260108481262,3.419609544974583,0.5675755425074706,2.5
IMG20190614125254,0.0607057370855727,1.888330867850098,3.240589871151678,0.6090627898331766,2.5
IMG20190614125255,0.053601831245878695,2.3224913708086783,3.371886290641748,0.5773871032716128,2.5
IMG20190614125310,0.05370433661085772,2.2316074950690354,3.359087088086122,0.5783897077657632,2.5
IMG20190614125312,0.06192952953370515,1.8147448224852074,3.214004818061203,0.6117521350286363,2.5
IMG20190614125314,0.06080802837111067,1.817713264299802,3.229879962028388,0.6118873427835285,2.5
IMG20190614125316,0.050046867062858144,2.4257433431952666,3.4150680542866727,0.5638664015284266,2.5
IMG20190614125340,0.054228754052303776,2.2590668145956596,3.3624449581631,0.5829529479496235,2.5
IMG20190614125342,0.07159198694698041,1.3689225838264292,3.051999182610394,0.650651244853143,2.5
IMG20190614125345,0.05766945349397149,1.9907334812623279,3.2872759166420553,0.5997600714186297,2.5
IMG20190614125346,0.05515313473944901,2.133438116370808,3.342223102867533,0.5905973266695131,2.5
IMG20190614125357,0.05813578936281357,2.0285046844181456,3.2843089233150176,0.5967412075218552,2.5
IMG20190614125358,0.05383973386549111,2.2091543392504938,3.3536015630519533,0.5845967747561097,2.5
IMG20190614125405,0.07791292781392117,0.9816666666666666,2.917264754029118,0.6884996829696709,2.5
IMG20190614125407,0.06002051474591177,1.8666136587771203,3.244413525732542,0.6097148585794383,2.5
IMG20190614125408,0.05702487192221862,2.050446252465484,3.2987126428274727,0.5966096821529826,2.5
IMG20190614125410,0.05238411618656605,2.2673015285996043,3.3742421962086193,0.5787775727485762,2.5
IMG20190614125412,0.05347269430968171,2.2894292406311654,3.3686318142096185,0.578900994526069,2.5
IMG20190614125414,0.05302931038166604,2.35706114398422,3.3939644939467333,0.5760990574361655,2.5
IMG20190614125416,0.055635528927911106,2.222781065088758,3.3466722640136357,0.586167189173539,2.5
IMG20190614125419,0.06239381813663204,1.7339460059171596,3.1940527068328475,0.6211071234211405,2.5
IMG20190614125421,0.06280246809247697,1.7988979289940832,3.205510040065047,0.6165191966185714,2.5
IMG20190614125424,0.06813897193330595,1.4617233727810652,3.0842084923294153,0.6405939572651385,2.5
IMG20190614125456,0.09620887578371491,0.7383431952662723,2.7022756923907587,0.7282184491052139,2.5
IMG20190614125459,0.07628610511608439,1.2227194280078901,2.9514535925360135,0.6624429862197213,2.5
IMG20190614125501,0.07386155303348049,1.1818059664694267,2.980515806343628,0.6625424469467325,2.5
IMG20190614125504,0.07899592215242765,1.2021893491124258,2.9492042864300485,0.6674927796827124,2.5
IMG20190614125506,0.07082383780518255,1.5656607495069026,3.086368369560381,0.631445053990522,2.5
IMG20190614125508,0.06417734812203847,1.7474975345167647,3.1707283010528275,0.614106566705526,2.5
IMG20190614125510,0.07857169699253587,1.1319317061143979,2.9163305037232834,0.6725984911672831,2.5
IMG20190614125512,0.07630315581702077,1.2258382642998022,2.966427910600241,0.660206900792832,2.5
IMG20190614125514,0.07999936434328908,1.0418552761341222,2.9094687719213943,0.6786336957928369,2.5
IMG20190614125516,0.07940162556099467,1.2230226824457593,2.9448921579151945,0.6648861960472431,2.5
IMG20190614125547,0.07820168637746354,1.0488868343195268,2.905304883079023,0.6750298661137373,2.5
IMG20190614125549,0.06741384732488982,1.4343750000000002,3.0902759701664366,0.6386662393663308,2.5
IMG20190614125551,0.07270393665671476,1.3137906804733739,3.017649554741603,0.6499727497013408,2.5
IMG20190614125554,0.07387893723722183,1.1820340236686384,2.9740547365449888,0.6619542862050509,2.5
IMG20190614125626,0.07618042018952374,1.1345142998027615,2.9429346974722024,0.6680308721798455,2.5
IMG20190614125629,0.07845874607838631,1.1916111932938855,2.92413921089915,0.6618175363426627,2.5
IMG20190614125631,0.07500411354723463,1.2718589743589739,2.966801283651099,0.6534383131511653,2.5
IMG20190614125633,0.08891767228870999,0.9281102071005916,2.7824420575046505,0.6977085555583433,2.5
IMG20190614125636,0.09930200111256748,0.6240594181459568,2.621144063104174,0.7472352889466749,2.5
IMG20190614125639,0.08844872573997319,0.9257273175542406,2.7777928419842275,0.6971883350230202,2.5
IMG20190614125641,0.08449758423825568,0.9299617850098619,2.8296491756078863,0.6951091002864628,2.5
IMG20190614125643,0.06552040206372373,1.5445290927021689,3.1076862294311596,0.6264854663484672,2.5
IMG20190614125655,0.08813224777760023,0.9313436883629191,2.7501604723848594,0.6882838330994786,2.5
IMG20190614125658,0.08801278092132965,0.9304906311637083,2.7613544802191656,0.6892802940320171,2.5
IMG20190614125701,0.08504704232127186,1.0621301775147927,2.822359838977359,0.6746433949230767,2.5
IMG20190614125704,0.09456969612159308,0.7721042899408284,2.6846425464253074,0.7133170287462622,2.5
IMG20190614125706,0.08803973991674496,0.859419378698225,2.7326531339170828,0.6978750663542732,2.5
IMG20190614125709,0.09438635536020125,0.889434171597633,2.707430063075842,0.6959975663958824,2.5
IMG20190614125712,0.09400732277242127,0.9356644477317557,2.700493778877898,0.6915488945607766,2.5
IMG20190614125715,0.08579006534715898,1.0427366863905334,2.804275266223003,0.6750625237321987,2.5
IMG20190614125718,0.08887511400276542,0.9885786489151879,2.7768363051131586,0.6850557929177263,2.5
IMG20190614125721,0.09352038710427053,0.9426528599605524,2.725961609031463,0.6920667422804473,2.5
IMG20190614125727,0.11700513451016385,0.67756533530572,2.4793552423319642,0.7353624828076493,2.5
IMG20190614125730,0.10266641476157025,0.7800751972386584,2.6120545214385897,0.7145882174474804,2.5
IMG20190614125737,0.0969051113749834,0.9801232741617357,2.7116281860520464,0.6879980050661656,2.5
IMG20190614125740,0.10239779394413852,0.8746190828402364,2.6287345625977308,0.7023937366654524,2.5
IMG20190614124857,0.0554458415956807,1.9858690828402368,3.3419030558226446,0.6042071227644438,2.5
IMG20190614124859,0.053787732851700965,2.0697559171597617,3.370356060219489,0.5994861603768254,2.5
IMG20190614124901,0.047289080542826975,2.633948471400394,3.5077576942678825,0.5618525065900014,2.5
IMG20190614124902,0.052350219241698574,2.3164053254437884,3.4203059387343835,0.5842141135555615,2.5
IMG20190614124904,0.05002120506602097,2.2792122781065087,3.449997523980362,0.5841010644605651,2.5
IMG20190614124906,0.04990315451315943,2.4869810157790924,3.4639072035405865,0.5730071903439617,2.5
IMG20190614124907,0.04487166841700173,2.763240877712031,3.555345417935101,0.5552118218151859,2.5
IMG20190614124909,0.06053075885610576,1.7720401873767264,3.2591215768863258,0.6272405446036478,2.5
IMG20190614124911,0.05923304869797441,1.6093540433925058,3.2483793120771947,0.6284282734083056,2.5
IMG20190614124913,0.057607212375789744,1.9624580867850099,3.3134129284547313,0.612927683075246,2.5
IMG20190614124917,0.050466004665270514,2.302973372781065,3.441161488934445,0.5850264592979914,2.5
IMG20190614124919,0.04558963520057216,2.7098385108481255,3.548337586229754,0.5609219063720629,2.5
IMG20190614124921,0.049746645059952084,2.4721708579881665,3.460141138444887,0.5737092945821078,2.5
IMG20190614124922,0.051127665291624824,2.2592246055226837,3.423554356333042,0.5877935885693462,2.5
IMG20190614124924,0.04978690081493462,2.4519575936883626,3.4710056634265265,0.5769920387856224,2.5
IMG20190614124926,0.054255971257851116,2.193070759368836,3.373661579547453,0.5931158783007767,2.5
IMG20190614124928,0.05010590639302963,2.4649223372781073,3.460016398751991,0.5758762473265072,2.5
IMG20190614124930,0.06721060308692357,1.471846646942801,3.1380218746095405,0.6515212546332325,2.5
IMG20190614124933,0.05421343686995233,2.1506188362919127,3.3730590134395646,0.5973373710017799,2.5
IMG20190614124937,0.04575650813870848,2.7144563609467443,3.5438948838113924,0.5610837748047219,2.5
IMG20190614125134,0.05186889029882192,2.31340483234714,3.4081340902972865,0.5812071558399599,2.5
IMG20190614125157,0.06539004747301341,1.4963165680473371,3.114557514843406,0.6365152973475574,2.5
IMG20190614125159,0.04959040707431999,2.6996560650887567,3.453478885580043,0.559224441363306,2.5
IMG20190614125201,0.055359096771493456,2.259882889546351,3.3288381089899444,0.5880679767981454,2.5
IMG20190614125203,0.05266943179334243,2.368965729783037,3.38095942336949,0.5810814120605402,2.5
IMG20190614125205,0.057521534131442356,2.136691321499013,3.3036872758818685,0.5969225219993887,2.5
IMG20190614125207,0.04904066585888047,2.657461785009864,3.447401877668728,0.5606331033401831,2.5
